"FullName","Loc"
"E:\project\pcsx2\common\AlignedMalloc.cpp","41"
"E:\project\pcsx2\common\AlignedMalloc.h","27"
"E:\project\pcsx2\common\Assertions.cpp","103"
"E:\project\pcsx2\common\Assertions.h","38"
"E:\project\pcsx2\common\BitUtils.h","79"
"E:\project\pcsx2\common\ByteSwap.h","40"
"E:\project\pcsx2\common\CocoaTools.h","38"
"E:\project\pcsx2\common\Console.cpp","430"
"E:\project\pcsx2\common\Console.h","161"
"E:\project\pcsx2\common\CrashHandler.cpp","310"
"E:\project\pcsx2\common\CrashHandler.h","16"
"E:\project\pcsx2\common\Darwin\DarwinMisc.cpp","546"
"E:\project\pcsx2\common\Darwin\DarwinMisc.h","16"
"E:\project\pcsx2\common\Darwin\DarwinThreads.cpp","235"
"E:\project\pcsx2\common\DynamicLibrary.cpp","146"
"E:\project\pcsx2\common\DynamicLibrary.h","60"
"E:\project\pcsx2\common\Easing.h","227"
"E:\project\pcsx2\common\emitter\bmi.cpp","18"
"E:\project\pcsx2\common\emitter\fpu.cpp","51"
"E:\project\pcsx2\common\emitter\groups.cpp","204"
"E:\project\pcsx2\common\emitter\implement\avx.h","84"
"E:\project\pcsx2\common\emitter\implement\bmi.h","41"
"E:\project\pcsx2\common\emitter\implement\dwshift.h","24"
"E:\project\pcsx2\common\emitter\implement\group1.h","48"
"E:\project\pcsx2\common\emitter\implement\group2.h","43"
"E:\project\pcsx2\common\emitter\implement\group3.h","55"
"E:\project\pcsx2\common\emitter\implement\helpers.h","65"
"E:\project\pcsx2\common\emitter\implement\incdec.h","17"
"E:\project\pcsx2\common\emitter\implement\jmpcall.h","62"
"E:\project\pcsx2\common\emitter\implement\movs.h","104"
"E:\project\pcsx2\common\emitter\implement\simd_arithmetic.h","269"
"E:\project\pcsx2\common\emitter\implement\simd_comparisons.h","95"
"E:\project\pcsx2\common\emitter\implement\simd_helpers.h","139"
"E:\project\pcsx2\common\emitter\implement\simd_moremovs.h","133"
"E:\project\pcsx2\common\emitter\implement\simd_shufflepack.h","176"
"E:\project\pcsx2\common\emitter\implement\simd_templated_helpers.h","22"
"E:\project\pcsx2\common\emitter\implement\test.h","51"
"E:\project\pcsx2\common\emitter\implement\xchg.h","8"
"E:\project\pcsx2\common\emitter\instructions.h","510"
"E:\project\pcsx2\common\emitter\internal.h","176"
"E:\project\pcsx2\common\emitter\jmp.cpp","234"
"E:\project\pcsx2\common\emitter\legacy_instructions.h","167"
"E:\project\pcsx2\common\emitter\legacy_internal.h","20"
"E:\project\pcsx2\common\emitter\legacy_sse.cpp","14"
"E:\project\pcsx2\common\emitter\legacy_types.h","9"
"E:\project\pcsx2\common\emitter\legacy.cpp","339"
"E:\project\pcsx2\common\emitter\movs.cpp","227"
"E:\project\pcsx2\common\emitter\simd.cpp","767"
"E:\project\pcsx2\common\emitter\x86emitter.cpp","1304"
"E:\project\pcsx2\common\emitter\x86emitter.h","33"
"E:\project\pcsx2\common\emitter\x86types.h","907"
"E:\project\pcsx2\common\EnumOps.h","77"
"E:\project\pcsx2\common\Error.cpp","234"
"E:\project\pcsx2\common\Error.h","85"
"E:\project\pcsx2\common\FastJmp.cpp","83"
"E:\project\pcsx2\common\FastJmp.h","21"
"E:\project\pcsx2\common\FileSystem.cpp","2322"
"E:\project\pcsx2\common\FileSystem.h","177"
"E:\project\pcsx2\common\FPControl.h","180"
"E:\project\pcsx2\common\HashCombine.h","11"
"E:\project\pcsx2\common\HeapArray.h","336"
"E:\project\pcsx2\common\HeterogeneousContainers.h","56"
"E:\project\pcsx2\common\HostSys.cpp","166"
"E:\project\pcsx2\common\HostSys.h","167"
"E:\project\pcsx2\common\HTTPDownloader.cpp","280"
"E:\project\pcsx2\common\HTTPDownloader.h","79"
"E:\project\pcsx2\common\HTTPDownloaderCurl.cpp","174"
"E:\project\pcsx2\common\HTTPDownloaderCurl.h","28"
"E:\project\pcsx2\common\HTTPDownloaderWinHTTP.cpp","277"
"E:\project\pcsx2\common\HTTPDownloaderWinHTTP.h","30"
"E:\project\pcsx2\common\Image.cpp","1152"
"E:\project\pcsx2\common\Image.h","117"
"E:\project\pcsx2\common\Linux\LnxHostSys.cpp","283"
"E:\project\pcsx2\common\Linux\LnxMisc.cpp","330"
"E:\project\pcsx2\common\Linux\LnxThreads.cpp","294"
"E:\project\pcsx2\common\LRUCache.h","105"
"E:\project\pcsx2\common\MD5Digest.cpp","176"
"E:\project\pcsx2\common\MD5Digest.h","16"
"E:\project\pcsx2\common\MemoryInterface.cpp","131"
"E:\project\pcsx2\common\MemoryInterface.h","43"
"E:\project\pcsx2\common\MemorySettingsInterface.cpp","276"
"E:\project\pcsx2\common\MemorySettingsInterface.h","51"
"E:\project\pcsx2\common\MRCHelpers.h","77"
"E:\project\pcsx2\common\Path.h","62"
"E:\project\pcsx2\common\Pcsx2Defs.h","145"
"E:\project\pcsx2\common\Pcsx2Types.h","94"
"E:\project\pcsx2\common\Perf.cpp","193"
"E:\project\pcsx2\common\Perf.h","25"
"E:\project\pcsx2\common\PrecompiledHeader.cpp","3"
"E:\project\pcsx2\common\PrecompiledHeader.h","7"
"E:\project\pcsx2\common\ProgressCallback.cpp","196"
"E:\project\pcsx2\common\ProgressCallback.h","85"
"E:\project\pcsx2\common\ReadbackSpinManager.cpp","191"
"E:\project\pcsx2\common\ReadbackSpinManager.h","46"
"E:\project\pcsx2\common\RedtapeWilCom.h","15"
"E:\project\pcsx2\common\RedtapeWindows.h","17"
"E:\project\pcsx2\common\ScopedGuard.h","44"
"E:\project\pcsx2\common\Semaphore.cpp","165"
"E:\project\pcsx2\common\SettingsInterface.h","221"
"E:\project\pcsx2\common\SettingsWrapper.cpp","186"
"E:\project\pcsx2\common\SettingsWrapper.h","108"
"E:\project\pcsx2\common\SingleRegisterTypes.h","153"
"E:\project\pcsx2\common\SmallString.cpp","705"
"E:\project\pcsx2\common\SmallString.h","342"
"E:\project\pcsx2\common\StackWalker.cpp","1127"
"E:\project\pcsx2\common\StackWalker.h","155"
"E:\project\pcsx2\common\StringUtil.cpp","468"
"E:\project\pcsx2\common\StringUtil.h","290"
"E:\project\pcsx2\common\TextureDecompress.cpp","962"
"E:\project\pcsx2\common\TextureDecompress.h","165"
"E:\project\pcsx2\common\Threading.h","213"
"E:\project\pcsx2\common\Timer.cpp","158"
"E:\project\pcsx2\common\Timer.h","35"
"E:\project\pcsx2\common\VectorIntrin.h","38"
"E:\project\pcsx2\common\WAVWriter.cpp","95"
"E:\project\pcsx2\common\WAVWriter.h","28"
"E:\project\pcsx2\common\WindowInfo.cpp","212"
"E:\project\pcsx2\common\WindowInfo.h","35"
"E:\project\pcsx2\common\Windows\WinHostSys.cpp","297"
"E:\project\pcsx2\common\Windows\WinMisc.cpp","123"
"E:\project\pcsx2\common\Windows\WinThreads.cpp","244"
"E:\project\pcsx2\common\WrappedMemCopy.h","37"
"E:\project\pcsx2\common\YAML.cpp","69"
"E:\project\pcsx2\common\YAML.h","12"
"E:\project\pcsx2\common\ZipHelpers.h","121"
"E:\project\pcsx2\pcsx2-gsrunner\Main.cpp","1138"
"E:\project\pcsx2\pcsx2-qt\AboutDialog.cpp","127"
"E:\project\pcsx2\pcsx2-qt\AboutDialog.h","25"
"E:\project\pcsx2\pcsx2-qt\AsyncDialogs.cpp","311"
"E:\project\pcsx2\pcsx2-qt\AsyncDialogs.h","157"
"E:\project\pcsx2\pcsx2-qt\AutoUpdaterDialog.cpp","785"
"E:\project\pcsx2\pcsx2-qt\AutoUpdaterDialog.h","57"
"E:\project\pcsx2\pcsx2-qt\ColorPickerButton.cpp","43"
"E:\project\pcsx2\pcsx2-qt\ColorPickerButton.h","21"
"E:\project\pcsx2\pcsx2-qt\CoverDownloadDialog.cpp","142"
"E:\project\pcsx2\pcsx2-qt\CoverDownloadDialog.h","48"
"E:\project\pcsx2\pcsx2-qt\Debugger\AnalysisOptionsDialog.cpp","27"
"E:\project\pcsx2\pcsx2-qt\Debugger\AnalysisOptionsDialog.h","16"
"E:\project\pcsx2\pcsx2-qt\Debugger\Breakpoints\BreakpointDialog.cpp","162"
"E:\project\pcsx2\pcsx2-qt\Debugger\Breakpoints\BreakpointDialog.h","30"
"E:\project\pcsx2\pcsx2-qt\Debugger\Breakpoints\BreakpointModel.cpp","639"
"E:\project\pcsx2\pcsx2-qt\Debugger\Breakpoints\BreakpointModel.h","58"
"E:\project\pcsx2\pcsx2-qt\Debugger\Breakpoints\BreakpointView.cpp","147"
"E:\project\pcsx2\pcsx2-qt\Debugger\Breakpoints\BreakpointView.h","29"
"E:\project\pcsx2\pcsx2-qt\Debugger\DebuggerEvents.h","47"
"E:\project\pcsx2\pcsx2-qt\Debugger\DebuggerSettingsManager.cpp","157"
"E:\project\pcsx2\pcsx2-qt\Debugger\DebuggerSettingsManager.h","23"
"E:\project\pcsx2\pcsx2-qt\Debugger\DebuggerView.cpp","256"
"E:\project\pcsx2\pcsx2-qt\Debugger\DebuggerView.h","165"
"E:\project\pcsx2\pcsx2-qt\Debugger\DebuggerWindow.cpp","460"
"E:\project\pcsx2\pcsx2-qt\Debugger\DebuggerWindow.h","60"
"E:\project\pcsx2\pcsx2-qt\Debugger\DisassemblyView.cpp","917"
"E:\project\pcsx2\pcsx2-qt\Debugger\DisassemblyView.h","79"
"E:\project\pcsx2\pcsx2-qt\Debugger\Docking\DockLayout.cpp","743"
"E:\project\pcsx2\pcsx2-qt\Debugger\Docking\DockLayout.h","121"
"E:\project\pcsx2\pcsx2-qt\Debugger\Docking\DockManager.cpp","702"
"E:\project\pcsx2\pcsx2-qt\Debugger\Docking\DockManager.h","81"
"E:\project\pcsx2\pcsx2-qt\Debugger\Docking\DockMenuBar.cpp","270"
"E:\project\pcsx2\pcsx2-qt\Debugger\Docking\DockMenuBar.h","68"
"E:\project\pcsx2\pcsx2-qt\Debugger\Docking\DockTables.cpp","188"
"E:\project\pcsx2\pcsx2-qt\Debugger\Docking\DockTables.h","57"
"E:\project\pcsx2\pcsx2-qt\Debugger\Docking\DockUtils.cpp","86"
"E:\project\pcsx2\pcsx2-qt\Debugger\Docking\DockUtils.h","33"
"E:\project\pcsx2\pcsx2-qt\Debugger\Docking\DockViews.cpp","247"
"E:\project\pcsx2\pcsx2-qt\Debugger\Docking\DockViews.h","85"
"E:\project\pcsx2\pcsx2-qt\Debugger\Docking\DropIndicators.cpp","473"
"E:\project\pcsx2\pcsx2-qt\Debugger\Docking\DropIndicators.h","85"
"E:\project\pcsx2\pcsx2-qt\Debugger\Docking\LayoutEditorDialog.cpp","81"
"E:\project\pcsx2\pcsx2-qt\Debugger\Docking\LayoutEditorDialog.h","32"
"E:\project\pcsx2\pcsx2-qt\Debugger\Docking\NoLayoutsWidget.cpp","13"
"E:\project\pcsx2\pcsx2-qt\Debugger\Docking\NoLayoutsWidget.h","14"
"E:\project\pcsx2\pcsx2-qt\Debugger\JsonValueWrapper.h","32"
"E:\project\pcsx2\pcsx2-qt\Debugger\Memory\MemorySearchView.cpp","642"
"E:\project\pcsx2\pcsx2-qt\Debugger\Memory\MemorySearchView.h","132"
"E:\project\pcsx2\pcsx2-qt\Debugger\Memory\MemoryView.cpp","845"
"E:\project\pcsx2\pcsx2-qt\Debugger\Memory\MemoryView.h","131"
"E:\project\pcsx2\pcsx2-qt\Debugger\Memory\SavedAddressesModel.cpp","187"
"E:\project\pcsx2\pcsx2-qt\Debugger\Memory\SavedAddressesModel.h","46"
"E:\project\pcsx2\pcsx2-qt\Debugger\Memory\SavedAddressesView.cpp","133"
"E:\project\pcsx2\pcsx2-qt\Debugger\Memory\SavedAddressesView.h","20"
"E:\project\pcsx2\pcsx2-qt\Debugger\ModuleModel.cpp","124"
"E:\project\pcsx2\pcsx2-qt\Debugger\ModuleModel.h","42"
"E:\project\pcsx2\pcsx2-qt\Debugger\ModuleView.cpp","92"
"E:\project\pcsx2\pcsx2-qt\Debugger\ModuleView.h","18"
"E:\project\pcsx2\pcsx2-qt\Debugger\RegisterView.cpp","394"
"E:\project\pcsx2\pcsx2-qt\Debugger\RegisterView.h","52"
"E:\project\pcsx2\pcsx2-qt\Debugger\StackModel.cpp","110"
"E:\project\pcsx2\pcsx2-qt\Debugger\StackModel.h","39"
"E:\project\pcsx2\pcsx2-qt\Debugger\StackView.cpp","71"
"E:\project\pcsx2\pcsx2-qt\Debugger\StackView.h","17"
"E:\project\pcsx2\pcsx2-qt\Debugger\SymbolTree\NewSymbolDialogs.cpp","541"
"E:\project\pcsx2\pcsx2-qt\Debugger\SymbolTree\NewSymbolDialogs.h","121"
"E:\project\pcsx2\pcsx2-qt\Debugger\SymbolTree\SymbolTreeDelegates.cpp","434"
"E:\project\pcsx2\pcsx2-qt\Debugger\SymbolTree\SymbolTreeDelegates.h","66"
"E:\project\pcsx2\pcsx2-qt\Debugger\SymbolTree\SymbolTreeLocation.cpp","206"
"E:\project\pcsx2\pcsx2-qt\Debugger\SymbolTree\SymbolTreeLocation.h","34"
"E:\project\pcsx2\pcsx2-qt\Debugger\SymbolTree\SymbolTreeModel.cpp","427"
"E:\project\pcsx2\pcsx2-qt\Debugger\SymbolTree\SymbolTreeModel.h","69"
"E:\project\pcsx2\pcsx2-qt\Debugger\SymbolTree\SymbolTreeNode.cpp","695"
"E:\project\pcsx2\pcsx2-qt\Debugger\SymbolTree\SymbolTreeNode.h","100"
"E:\project\pcsx2\pcsx2-qt\Debugger\SymbolTree\SymbolTreeViews.cpp","1012"
"E:\project\pcsx2\pcsx2-qt\Debugger\SymbolTree\SymbolTreeViews.h","151"
"E:\project\pcsx2\pcsx2-qt\Debugger\SymbolTree\TypeString.cpp","138"
"E:\project\pcsx2\pcsx2-qt\Debugger\SymbolTree\TypeString.h","14"
"E:\project\pcsx2\pcsx2-qt\Debugger\ThreadModel.cpp","125"
"E:\project\pcsx2\pcsx2-qt\Debugger\ThreadModel.h","78"
"E:\project\pcsx2\pcsx2-qt\Debugger\ThreadView.cpp","77"
"E:\project\pcsx2\pcsx2-qt\Debugger\ThreadView.h","19"
"E:\project\pcsx2\pcsx2-qt\DisplayWidget.cpp","433"
"E:\project\pcsx2\pcsx2-qt\DisplayWidget.h","59"
"E:\project\pcsx2\pcsx2-qt\EarlyHardwareCheck.cpp","38"
"E:\project\pcsx2\pcsx2-qt\GameList\GameListModel.cpp","427"
"E:\project\pcsx2\pcsx2-qt\GameList\GameListModel.h","79"
"E:\project\pcsx2\pcsx2-qt\GameList\GameListRefreshThread.cpp","99"
"E:\project\pcsx2\pcsx2-qt\GameList\GameListRefreshThread.h","50"
"E:\project\pcsx2\pcsx2-qt\GameList\GameListWidget.cpp","845"
"E:\project\pcsx2\pcsx2-qt\GameList\GameListWidget.h","102"
"E:\project\pcsx2\pcsx2-qt\LogWindow.cpp","414"
"E:\project\pcsx2\pcsx2-qt\LogWindow.h","48"
"E:\project\pcsx2\pcsx2-qt\MainWindow.cpp","3309"
"E:\project\pcsx2\pcsx2-qt\MainWindow.h","299"
"E:\project\pcsx2\pcsx2-qt\PrecompiledHeader.cpp","3"
"E:\project\pcsx2\pcsx2-qt\PrecompiledHeader.h","18"
"E:\project\pcsx2\pcsx2-qt\QtHost.cpp","2170"
"E:\project\pcsx2\pcsx2-qt\QtHost.h","234"
"E:\project\pcsx2\pcsx2-qt\QtKeyCodes.cpp","578"
"E:\project\pcsx2\pcsx2-qt\QtProgressCallback.cpp","189"
"E:\project\pcsx2\pcsx2-qt\QtProgressCallback.h","72"
"E:\project\pcsx2\pcsx2-qt\QtUtils.cpp","482"
"E:\project\pcsx2\pcsx2-qt\QtUtils.h","171"
"E:\project\pcsx2\pcsx2-qt\Settings\AchievementLoginDialog.cpp","146"
"E:\project\pcsx2\pcsx2-qt\Settings\AchievementLoginDialog.h","28"
"E:\project\pcsx2\pcsx2-qt\Settings\AchievementSettingsWidget.cpp","239"
"E:\project\pcsx2\pcsx2-qt\Settings\AchievementSettingsWidget.h","23"
"E:\project\pcsx2\pcsx2-qt\Settings\AdvancedSettingsWidget.cpp","175"
"E:\project\pcsx2\pcsx2-qt\Settings\AdvancedSettingsWidget.h","19"
"E:\project\pcsx2\pcsx2-qt\Settings\AudioSettingsWidget.cpp","447"
"E:\project\pcsx2\pcsx2-qt\Settings\AudioSettingsWidget.h","34"
"E:\project\pcsx2\pcsx2-qt\Settings\BIOSSettingsWidget.cpp","112"
"E:\project\pcsx2\pcsx2-qt\Settings\BIOSSettingsWidget.h","19"
"E:\project\pcsx2\pcsx2-qt\Settings\ControllerBindingWidget.cpp","1270"
"E:\project\pcsx2\pcsx2-qt\Settings\ControllerBindingWidget.h","229"
"E:\project\pcsx2\pcsx2-qt\Settings\ControllerGlobalSettingsWidget.cpp","175"
"E:\project\pcsx2\pcsx2-qt\Settings\ControllerGlobalSettingsWidget.h","60"
"E:\project\pcsx2\pcsx2-qt\Settings\ControllerSettingsWindow.cpp","515"
"E:\project\pcsx2\pcsx2-qt\Settings\ControllerSettingsWindow.h","83"
"E:\project\pcsx2\pcsx2-qt\Settings\ControllerSettingWidgetBinder.h","173"
"E:\project\pcsx2\pcsx2-qt\Settings\DebugAnalysisSettingsWidget.cpp","412"
"E:\project\pcsx2\pcsx2-qt\Settings\DebugAnalysisSettingsWidget.h","51"
"E:\project\pcsx2\pcsx2-qt\Settings\DebugSettingsWidget.cpp","250"
"E:\project\pcsx2\pcsx2-qt\Settings\DebugSettingsWidget.h","31"
"E:\project\pcsx2\pcsx2-qt\Settings\DEV9DnsHostDialog.cpp","104"
"E:\project\pcsx2\pcsx2-qt\Settings\DEV9DnsHostDialog.h","27"
"E:\project\pcsx2\pcsx2-qt\Settings\DEV9SettingsWidget.cpp","889"
"E:\project\pcsx2\pcsx2-qt\Settings\DEV9SettingsWidget.h","64"
"E:\project\pcsx2\pcsx2-qt\Settings\DEV9UiCommon.cpp","58"
"E:\project\pcsx2\pcsx2-qt\Settings\DEV9UiCommon.h","34"
"E:\project\pcsx2\pcsx2-qt\Settings\EmulationSettingsWidget.cpp","279"
"E:\project\pcsx2\pcsx2-qt\Settings\EmulationSettingsWidget.h","22"
"E:\project\pcsx2\pcsx2-qt\Settings\FolderSettingsWidget.cpp","27"
"E:\project\pcsx2\pcsx2-qt\Settings\FolderSettingsWidget.h","14"
"E:\project\pcsx2\pcsx2-qt\Settings\GameCheatSettingsWidget.cpp","292"
"E:\project\pcsx2\pcsx2-qt\Settings\GameCheatSettingsWidget.h","51"
"E:\project\pcsx2\pcsx2-qt\Settings\GameFixSettingsWidget.cpp","53"
"E:\project\pcsx2\pcsx2-qt\Settings\GameFixSettingsWidget.h","14"
"E:\project\pcsx2\pcsx2-qt\Settings\GameListSettingsWidget.cpp","221"
"E:\project\pcsx2\pcsx2-qt\Settings\GameListSettingsWidget.h","36"
"E:\project\pcsx2\pcsx2-qt\Settings\GamePatchSettingsWidget.cpp","178"
"E:\project\pcsx2\pcsx2-qt\Settings\GamePatchSettingsWidget.h","41"
"E:\project\pcsx2\pcsx2-qt\Settings\GameSummaryWidget.cpp","364"
"E:\project\pcsx2\pcsx2-qt\Settings\GameSummaryWidget.h","35"
"E:\project\pcsx2\pcsx2-qt\Settings\GraphicsSettingsWidget.cpp","1048"
"E:\project\pcsx2\pcsx2-qt\Settings\GraphicsSettingsWidget.h","66"
"E:\project\pcsx2\pcsx2-qt\Settings\HddCreateQt.cpp","34"
"E:\project\pcsx2\pcsx2-qt\Settings\HddCreateQt.h","20"
"E:\project\pcsx2\pcsx2-qt\Settings\HotkeySettingsWidget.cpp","77"
"E:\project\pcsx2\pcsx2-qt\Settings\HotkeySettingsWidget.h","26"
"E:\project\pcsx2\pcsx2-qt\Settings\InputBindingDialog.cpp","335"
"E:\project\pcsx2\pcsx2-qt\Settings\InputBindingDialog.h","58"
"E:\project\pcsx2\pcsx2-qt\Settings\InputBindingWidget.cpp","455"
"E:\project\pcsx2\pcsx2-qt\Settings\InputBindingWidget.h","81"
"E:\project\pcsx2\pcsx2-qt\Settings\InterfaceSettingsWidget.cpp","270"
"E:\project\pcsx2\pcsx2-qt\Settings\InterfaceSettingsWidget.h","31"
"E:\project\pcsx2\pcsx2-qt\Settings\MemoryCardConvertDialog.cpp","272"
"E:\project\pcsx2\pcsx2-qt\Settings\MemoryCardConvertDialog.h","51"
"E:\project\pcsx2\pcsx2-qt\Settings\MemoryCardConvertWorker.cpp","139"
"E:\project\pcsx2\pcsx2-qt\Settings\MemoryCardConvertWorker.h","24"
"E:\project\pcsx2\pcsx2-qt\Settings\MemoryCardCreateDialog.cpp","110"
"E:\project\pcsx2\pcsx2-qt\Settings\MemoryCardCreateDialog.h","23"
"E:\project\pcsx2\pcsx2-qt\Settings\MemoryCardSettingsWidget.cpp","427"
"E:\project\pcsx2\pcsx2-qt\Settings\MemoryCardSettingsWidget.h","83"
"E:\project\pcsx2\pcsx2-qt\Settings\OsdFontPickerDialog.cpp","946"
"E:\project\pcsx2\pcsx2-qt\Settings\OsdFontPickerDialog.h","71"
"E:\project\pcsx2\pcsx2-qt\Settings\OSDSettingsWidget.cpp","239"
"E:\project\pcsx2\pcsx2-qt\Settings\OSDSettingsWidget.h","28"
"E:\project\pcsx2\pcsx2-qt\Settings\SettingsWidget.cpp","118"
"E:\project\pcsx2\pcsx2-qt\Settings\SettingsWidget.h","44"
"E:\project\pcsx2\pcsx2-qt\Settings\SettingsWindow.cpp","609"
"E:\project\pcsx2\pcsx2-qt\Settings\SettingsWindow.h","130"
"E:\project\pcsx2\pcsx2-qt\SettingWidgetBinder.h","1259"
"E:\project\pcsx2\pcsx2-qt\SetupWizardDialog.cpp","482"
"E:\project\pcsx2\pcsx2-qt\SetupWizardDialog.h","65"
"E:\project\pcsx2\pcsx2-qt\ShortcutCreationDialog.cpp","510"
"E:\project\pcsx2\pcsx2-qt\ShortcutCreationDialog.h","22"
"E:\project\pcsx2\pcsx2-qt\Themes.cpp","566"
"E:\project\pcsx2\pcsx2-qt\Tools\InputRecording\InputRecordingViewer.cpp","107"
"E:\project\pcsx2\pcsx2-qt\Tools\InputRecording\InputRecordingViewer.h","23"
"E:\project\pcsx2\pcsx2-qt\Tools\InputRecording\NewInputRecordingDlg.cpp","77"
"E:\project\pcsx2\pcsx2-qt\Tools\InputRecording\NewInputRecordingDlg.h","28"
"E:\project\pcsx2\pcsx2-qt\Translations.cpp","624"
"E:\project\pcsx2\pcsx2-qt\VCRuntimeChecker.cpp","92"
"E:\project\pcsx2\pcsx2\Achievements.cpp","3293"
"E:\project\pcsx2\pcsx2\Achievements.h","132"
"E:\project\pcsx2\pcsx2\arm64\AsmHelpers.cpp","395"
"E:\project\pcsx2\pcsx2\arm64\AsmHelpers.h","115"
"E:\project\pcsx2\pcsx2\arm64\RecStubs.cpp","23"
"E:\project\pcsx2\pcsx2\arm64\Vif_Dynarec.cpp","500"
"E:\project\pcsx2\pcsx2\arm64\Vif_UnpackNEON.cpp","362"
"E:\project\pcsx2\pcsx2\arm64\Vif_UnpackNEON.h","118"
"E:\project\pcsx2\pcsx2\BuildVersion.cpp","14"
"E:\project\pcsx2\pcsx2\BuildVersion.h","16"
"E:\project\pcsx2\pcsx2\Cache.cpp","420"
"E:\project\pcsx2\pcsx2\Cache.h","19"
"E:\project\pcsx2\pcsx2\CDVD\BlockdumpFileReader.cpp","120"
"E:\project\pcsx2\pcsx2\CDVD\BlockdumpFileReader.h","25"
"E:\project\pcsx2\pcsx2\CDVD\CDVD_internal.h","263"
"E:\project\pcsx2\pcsx2\CDVD\CDVD.cpp","2727"
"E:\project\pcsx2\pcsx2\CDVD\CDVD.h","159"
"E:\project\pcsx2\pcsx2\CDVD\CDVDcommon.cpp","518"
"E:\project\pcsx2\pcsx2\CDVD\CDVDcommon.h","175"
"E:\project\pcsx2\pcsx2\CDVD\CDVDdiscReader.cpp","474"
"E:\project\pcsx2\pcsx2\CDVD\CDVDdiscReader.h","67"
"E:\project\pcsx2\pcsx2\CDVD\CDVDdiscThread.cpp","344"
"E:\project\pcsx2\pcsx2\CDVD\CDVDisoReader.cpp","346"
"E:\project\pcsx2\pcsx2\CDVD\ChdFileReader.cpp","451"
"E:\project\pcsx2\pcsx2\CDVD\ChdFileReader.h","25"
"E:\project\pcsx2\pcsx2\CDVD\CsoFileReader.cpp","263"
"E:\project\pcsx2\pcsx2\CDVD\CsoFileReader.h","38"
"E:\project\pcsx2\pcsx2\CDVD\Darwin\DriveUtility.cpp","91"
"E:\project\pcsx2\pcsx2\CDVD\Darwin\IOCtlSrc.cpp","228"
"E:\project\pcsx2\pcsx2\CDVD\FlatFileReader.cpp","91"
"E:\project\pcsx2\pcsx2\CDVD\FlatFileReader.h","21"
"E:\project\pcsx2\pcsx2\CDVD\GzippedFileReader.cpp","204"
"E:\project\pcsx2\pcsx2\CDVD\GzippedFileReader.h","26"
"E:\project\pcsx2\pcsx2\CDVD\InputIsoFile.cpp","253"
"E:\project\pcsx2\pcsx2\CDVD\IsoFileFormats.h","98"
"E:\project\pcsx2\pcsx2\CDVD\IsoHasher.cpp","156"
"E:\project\pcsx2\pcsx2\CDVD\IsoHasher.h","40"
"E:\project\pcsx2\pcsx2\CDVD\IsoReader.cpp","253"
"E:\project\pcsx2\pcsx2\CDVD\IsoReader.h","141"
"E:\project\pcsx2\pcsx2\CDVD\Linux\DriveUtility.cpp","61"
"E:\project\pcsx2\pcsx2\CDVD\Linux\IOCtlSrc.cpp","195"
"E:\project\pcsx2\pcsx2\CDVD\OutputIsoFile.cpp","103"
"E:\project\pcsx2\pcsx2\CDVD\Ps1CD.cpp","956"
"E:\project\pcsx2\pcsx2\CDVD\Ps1CD.h","73"
"E:\project\pcsx2\pcsx2\CDVD\ThreadedFileReader.cpp","366"
"E:\project\pcsx2\pcsx2\CDVD\ThreadedFileReader.h","107"
"E:\project\pcsx2\pcsx2\CDVD\Windows\DriveUtility.cpp","37"
"E:\project\pcsx2\pcsx2\CDVD\Windows\IOCtlSrc.cpp","301"
"E:\project\pcsx2\pcsx2\CDVD\zlib_indexed.h","442"
"E:\project\pcsx2\pcsx2\Common.h","16"
"E:\project\pcsx2\pcsx2\Config.h","1315"
"E:\project\pcsx2\pcsx2\COP0.cpp","597"
"E:\project\pcsx2\pcsx2\COP0.h","12"
"E:\project\pcsx2\pcsx2\COP2.cpp","62"
"E:\project\pcsx2\pcsx2\Counters.cpp","864"
"E:\project\pcsx2\pcsx2\Counters.h","109"
"E:\project\pcsx2\pcsx2\DebugTools\BiosDebugData.cpp","89"
"E:\project\pcsx2\pcsx2\DebugTools\BiosDebugData.h","194"
"E:\project\pcsx2\pcsx2\DebugTools\Breakpoints.cpp","444"
"E:\project\pcsx2\pcsx2\DebugTools\Breakpoints.h","150"
"E:\project\pcsx2\pcsx2\DebugTools\Debug.h","220"
"E:\project\pcsx2\pcsx2\DebugTools\DebugInterface.cpp","1227"
"E:\project\pcsx2\pcsx2\DebugTools\DebugInterface.h","209"
"E:\project\pcsx2\pcsx2\DebugTools\DisASM.h","31"
"E:\project\pcsx2\pcsx2\DebugTools\DisassemblyManager.cpp","907"
"E:\project\pcsx2\pcsx2\DebugTools\DisassemblyManager.h","182"
"E:\project\pcsx2\pcsx2\DebugTools\DisR3000A.cpp","260"
"E:\project\pcsx2\pcsx2\DebugTools\DisR5900asm.cpp","1291"
"E:\project\pcsx2\pcsx2\DebugTools\DisVU0Micro.cpp","56"
"E:\project\pcsx2\pcsx2\DebugTools\DisVU1Micro.cpp","87"
"E:\project\pcsx2\pcsx2\DebugTools\DisVUmicro.h","191"
"E:\project\pcsx2\pcsx2\DebugTools\DisVUops.h","179"
"E:\project\pcsx2\pcsx2\DebugTools\ExpressionParser.cpp","572"
"E:\project\pcsx2\pcsx2\DebugTools\ExpressionParser.h","25"
"E:\project\pcsx2\pcsx2\DebugTools\MIPSAnalyst.cpp","502"
"E:\project\pcsx2\pcsx2\DebugTools\MIPSAnalyst.h","51"
"E:\project\pcsx2\pcsx2\DebugTools\MipsAssembler.cpp","625"
"E:\project\pcsx2\pcsx2\DebugTools\MipsAssembler.h","66"
"E:\project\pcsx2\pcsx2\DebugTools\MipsAssemblerTables.cpp","697"
"E:\project\pcsx2\pcsx2\DebugTools\MipsAssemblerTables.h","77"
"E:\project\pcsx2\pcsx2\DebugTools\MipsStackWalk.cpp","200"
"E:\project\pcsx2\pcsx2\DebugTools\MipsStackWalk.h","19"
"E:\project\pcsx2\pcsx2\DebugTools\SymbolGuardian.cpp","203"
"E:\project\pcsx2\pcsx2\DebugTools\SymbolGuardian.h","80"
"E:\project\pcsx2\pcsx2\DebugTools\SymbolImporter.cpp","567"
"E:\project\pcsx2\pcsx2\DebugTools\SymbolImporter.h","72"
"E:\project\pcsx2\pcsx2\DEV9\AdapterUtils.cpp","523"
"E:\project\pcsx2\pcsx2\DEV9\AdapterUtils.h","48"
"E:\project\pcsx2\pcsx2\DEV9\ATA\ATA_Info.cpp","386"
"E:\project\pcsx2\pcsx2\DEV9\ATA\ATA_State.cpp","593"
"E:\project\pcsx2\pcsx2\DEV9\ATA\ATA_Transfer.cpp","438"
"E:\project\pcsx2\pcsx2\DEV9\ATA\ATA.h","230"
"E:\project\pcsx2\pcsx2\DEV9\ATA\Commands\ATA_CmdDMA.cpp","150"
"E:\project\pcsx2\pcsx2\DEV9\ATA\Commands\ATA_CmdExecuteDeviceDiag.cpp","45"
"E:\project\pcsx2\pcsx2\DEV9\ATA\Commands\ATA_CmdNoData.cpp","221"
"E:\project\pcsx2\pcsx2\DEV9\ATA\Commands\ATA_CmdPIOData.cpp","125"
"E:\project\pcsx2\pcsx2\DEV9\ATA\Commands\ATA_CmdSMART.cpp","138"
"E:\project\pcsx2\pcsx2\DEV9\ATA\Commands\ATA_Command.cpp","184"
"E:\project\pcsx2\pcsx2\DEV9\ATA\Commands\ATA_SCE.cpp","40"
"E:\project\pcsx2\pcsx2\DEV9\ATA\HddCreate.cpp","235"
"E:\project\pcsx2\pcsx2\DEV9\ATA\HddCreate.h","29"
"E:\project\pcsx2\pcsx2\DEV9\DEV9.cpp","996"
"E:\project\pcsx2\pcsx2\DEV9\DEV9.h","590"
"E:\project\pcsx2\pcsx2\DEV9\flash.cpp","295"
"E:\project\pcsx2\pcsx2\DEV9\InternalServers\DHCP_Logger.cpp","318"
"E:\project\pcsx2\pcsx2\DEV9\InternalServers\DHCP_Logger.h","40"
"E:\project\pcsx2\pcsx2\DEV9\InternalServers\DHCP_Server.cpp","333"
"E:\project\pcsx2\pcsx2\DEV9\InternalServers\DHCP_Server.h","53"
"E:\project\pcsx2\pcsx2\DEV9\InternalServers\DNS_Logger.cpp","141"
"E:\project\pcsx2\pcsx2\DEV9\InternalServers\DNS_Logger.h","22"
"E:\project\pcsx2\pcsx2\DEV9\InternalServers\DNS_Server.cpp","344"
"E:\project\pcsx2\pcsx2\DEV9\InternalServers\DNS_Server.h","85"
"E:\project\pcsx2\pcsx2\DEV9\net.cpp","385"
"E:\project\pcsx2\pcsx2\DEV9\net.h","121"
"E:\project\pcsx2\pcsx2\DEV9\PacketReader\ARP\ARP_Packet.cpp","72"
"E:\project\pcsx2\pcsx2\DEV9\PacketReader\ARP\ARP_Packet.h","27"
"E:\project\pcsx2\pcsx2\DEV9\PacketReader\ARP\ARP_PacketEditor.cpp","58"
"E:\project\pcsx2\pcsx2\DEV9\PacketReader\ARP\ARP_PacketEditor.h","24"
"E:\project\pcsx2\pcsx2\DEV9\PacketReader\EthernetFrame.cpp","37"
"E:\project\pcsx2\pcsx2\DEV9\PacketReader\EthernetFrame.h","36"
"E:\project\pcsx2\pcsx2\DEV9\PacketReader\EthernetFrameEditor.cpp","43"
"E:\project\pcsx2\pcsx2\DEV9\PacketReader\EthernetFrameEditor.h","26"
"E:\project\pcsx2\pcsx2\DEV9\PacketReader\IP\ICMP\ICMP_Packet.cpp","107"
"E:\project\pcsx2\pcsx2\DEV9\PacketReader\IP\ICMP\ICMP_Packet.h","44"
"E:\project\pcsx2\pcsx2\DEV9\PacketReader\IP\IP_Address.h","17"
"E:\project\pcsx2\pcsx2\DEV9\PacketReader\IP\IP_Options.cpp","47"
"E:\project\pcsx2\pcsx2\DEV9\PacketReader\IP\IP_Options.h","70"
"E:\project\pcsx2\pcsx2\DEV9\PacketReader\IP\IP_Packet.cpp","272"
"E:\project\pcsx2\pcsx2\DEV9\PacketReader\IP\IP_Packet.h","109"
"E:\project\pcsx2\pcsx2\DEV9\PacketReader\IP\IP_Payload.h","103"
"E:\project\pcsx2\pcsx2\DEV9\PacketReader\IP\TCP\TCP_Options.cpp","55"
"E:\project\pcsx2\pcsx2\DEV9\PacketReader\IP\TCP\TCP_Options.h","64"
"E:\project\pcsx2\pcsx2\DEV9\PacketReader\IP\TCP\TCP_Packet.cpp","259"
"E:\project\pcsx2\pcsx2\DEV9\PacketReader\IP\TCP\TCP_Packet.h","63"
"E:\project\pcsx2\pcsx2\DEV9\PacketReader\IP\UDP\DHCP\DHCP_Options.cpp","383"
"E:\project\pcsx2\pcsx2\DEV9\PacketReader\IP\UDP\DHCP\DHCP_Options.h","308"
"E:\project\pcsx2\pcsx2\DEV9\PacketReader\IP\UDP\DHCP\DHCP_Packet.cpp","213"
"E:\project\pcsx2\pcsx2\DEV9\PacketReader\IP\UDP\DHCP\DHCP_Packet.h","38"
"E:\project\pcsx2\pcsx2\DEV9\PacketReader\IP\UDP\DNS\DNS_Classes.cpp","116"
"E:\project\pcsx2\pcsx2\DEV9\PacketReader\IP\UDP\DNS\DNS_Classes.h","35"
"E:\project\pcsx2\pcsx2\DEV9\PacketReader\IP\UDP\DNS\DNS_Enums.h","29"
"E:\project\pcsx2\pcsx2\DEV9\PacketReader\IP\UDP\DNS\DNS_Packet.cpp","161"
"E:\project\pcsx2\pcsx2\DEV9\PacketReader\IP\UDP\DNS\DNS_Packet.h","53"
"E:\project\pcsx2\pcsx2\DEV9\PacketReader\IP\UDP\UDP_Packet.cpp","106"
"E:\project\pcsx2\pcsx2\DEV9\PacketReader\IP\UDP\UDP_Packet.h","31"
"E:\project\pcsx2\pcsx2\DEV9\PacketReader\MAC_Address.h","23"
"E:\project\pcsx2\pcsx2\DEV9\PacketReader\NetLib.h","79"
"E:\project\pcsx2\pcsx2\DEV9\PacketReader\Payload.h","120"
"E:\project\pcsx2\pcsx2\DEV9\pcap_io.cpp","401"
"E:\project\pcsx2\pcsx2\DEV9\pcap_io.h","40"
"E:\project\pcsx2\pcsx2\DEV9\Sessions\BaseSession.cpp","33"
"E:\project\pcsx2\pcsx2\DEV9\Sessions\BaseSession.h","63"
"E:\project\pcsx2\pcsx2\DEV9\Sessions\ICMP_Session\ICMP_Session.cpp","807"
"E:\project\pcsx2\pcsx2\DEV9\Sessions\ICMP_Session\ICMP_Session.h","70"
"E:\project\pcsx2\pcsx2\DEV9\Sessions\TCP_Session\TCP_Session_In.cpp","231"
"E:\project\pcsx2\pcsx2\DEV9\Sessions\TCP_Session\TCP_Session_Out.cpp","539"
"E:\project\pcsx2\pcsx2\DEV9\Sessions\TCP_Session\TCP_Session.cpp","148"
"E:\project\pcsx2\pcsx2\DEV9\Sessions\TCP_Session\TCP_Session.h","123"
"E:\project\pcsx2\pcsx2\DEV9\Sessions\UDP_Session\UDP_BaseSession.h","17"
"E:\project\pcsx2\pcsx2\DEV9\Sessions\UDP_Session\UDP_Common.cpp","169"
"E:\project\pcsx2\pcsx2\DEV9\Sessions\UDP_Session\UDP_Common.h","27"
"E:\project\pcsx2\pcsx2\DEV9\Sessions\UDP_Session\UDP_FixedPort.cpp","168"
"E:\project\pcsx2\pcsx2\DEV9\Sessions\UDP_Session\UDP_FixedPort.h","42"
"E:\project\pcsx2\pcsx2\DEV9\Sessions\UDP_Session\UDP_Session.cpp","230"
"E:\project\pcsx2\pcsx2\DEV9\Sessions\UDP_Session\UDP_Session.h","47"
"E:\project\pcsx2\pcsx2\DEV9\SimpleQueue.h","84"
"E:\project\pcsx2\pcsx2\DEV9\smap.cpp","781"
"E:\project\pcsx2\pcsx2\DEV9\smap.h","13"
"E:\project\pcsx2\pcsx2\DEV9\sockets.cpp","532"
"E:\project\pcsx2\pcsx2\DEV9\sockets.h","55"
"E:\project\pcsx2\pcsx2\DEV9\ThreadSafeMap.h","86"
"E:\project\pcsx2\pcsx2\DEV9\Win32\pcap_io_win32_funcs.h","95"
"E:\project\pcsx2\pcsx2\DEV9\Win32\pcap_io_win32.cpp","92"
"E:\project\pcsx2\pcsx2\DEV9\Win32\tap-win32.cpp","532"
"E:\project\pcsx2\pcsx2\DEV9\Win32\tap.h","26"
"E:\project\pcsx2\pcsx2\Dmac.cpp","507"
"E:\project\pcsx2\pcsx2\Dmac.h","493"
"E:\project\pcsx2\pcsx2\Elfheader.cpp","287"
"E:\project\pcsx2\pcsx2\Elfheader.h","129"
"E:\project\pcsx2\pcsx2\FiFo.cpp","124"
"E:\project\pcsx2\pcsx2\FPU.cpp","334"
"E:\project\pcsx2\pcsx2\FW.cpp","162"
"E:\project\pcsx2\pcsx2\FW.h","16"
"E:\project\pcsx2\pcsx2\GameDatabase.cpp","1094"
"E:\project\pcsx2\pcsx2\GameDatabase.h","143"
"E:\project\pcsx2\pcsx2\GameList.cpp","1317"
"E:\project\pcsx2\pcsx2\GameList.h","135"
"E:\project\pcsx2\pcsx2\Gif_Logger.cpp","64"
"E:\project\pcsx2\pcsx2\Gif_Unit.cpp","229"
"E:\project\pcsx2\pcsx2\Gif_Unit.h","832"
"E:\project\pcsx2\pcsx2\Gif.cpp","671"
"E:\project\pcsx2\pcsx2\Gif.h","233"
"E:\project\pcsx2\pcsx2\GS.cpp","281"
"E:\project\pcsx2\pcsx2\GS.h","218"
"E:\project\pcsx2\pcsx2\GS\GS.cpp","1202"
"E:\project\pcsx2\pcsx2\GS\GS.h","116"
"E:\project\pcsx2\pcsx2\GS\GSAlignedClass.h","44"
"E:\project\pcsx2\pcsx2\GS\GSBlock.cpp","19"
"E:\project\pcsx2\pcsx2\GS\GSBlock.h","1505"
"E:\project\pcsx2\pcsx2\GS\GSCapture.cpp","1317"
"E:\project\pcsx2\pcsx2\GS\GSCapture.h","36"
"E:\project\pcsx2\pcsx2\GS\GSClut.cpp","795"
"E:\project\pcsx2\pcsx2\GS\GSClut.h","108"
"E:\project\pcsx2\pcsx2\GS\GSDrawingContext.cpp","248"
"E:\project\pcsx2\pcsx2\GS\GSDrawingContext.h","39"
"E:\project\pcsx2\pcsx2\GS\GSDrawingEnvironment.cpp","117"
"E:\project\pcsx2\pcsx2\GS\GSDrawingEnvironment.h","25"
"E:\project\pcsx2\pcsx2\GS\GSDump.cpp","357"
"E:\project\pcsx2\pcsx2\GS\GSDump.h","65"
"E:\project\pcsx2\pcsx2\GS\GSExtra.h","120"
"E:\project\pcsx2\pcsx2\GS\GSGL.h","51"
"E:\project\pcsx2\pcsx2\GS\GSJobQueue.h","72"
"E:\project\pcsx2\pcsx2\GS\GSLocalMemory.cpp","672"
"E:\project\pcsx2\pcsx2\GS\GSLocalMemory.h","951"
"E:\project\pcsx2\pcsx2\GS\GSLocalMemoryMultiISA.cpp","1123"
"E:\project\pcsx2\pcsx2\GS\GSLzma.cpp","531"
"E:\project\pcsx2\pcsx2\GS\GSLzma.h","294"
"E:\project\pcsx2\pcsx2\GS\GSPerfMon.cpp","56"
"E:\project\pcsx2\pcsx2\GS\GSPerfMon.h","59"
"E:\project\pcsx2\pcsx2\GS\GSPng.cpp","108"
"E:\project\pcsx2\pcsx2\GS\GSPng.h","35"
"E:\project\pcsx2\pcsx2\GS\GSRegs.h","1160"
"E:\project\pcsx2\pcsx2\GS\GSRingHeap.cpp","217"
"E:\project\pcsx2\pcsx2\GS\GSRingHeap.h","231"
"E:\project\pcsx2\pcsx2\GS\GSShaderCompileIndicator.h","77"
"E:\project\pcsx2\pcsx2\GS\GSState.cpp","6346"
"E:\project\pcsx2\pcsx2\GS\GSState.h","467"
"E:\project\pcsx2\pcsx2\GS\GSTables.cpp","285"
"E:\project\pcsx2\pcsx2\GS\GSTables.h","128"
"E:\project\pcsx2\pcsx2\GS\GSUtil.cpp","321"
"E:\project\pcsx2\pcsx2\GS\GSUtil.h","153"
"E:\project\pcsx2\pcsx2\GS\GSVector.cpp","184"
"E:\project\pcsx2\pcsx2\GS\GSVector.h","191"
"E:\project\pcsx2\pcsx2\GS\GSVector4_arm64.h","632"
"E:\project\pcsx2\pcsx2\GS\GSVector4.h","686"
"E:\project\pcsx2\pcsx2\GS\GSVector4i_arm64.h","1844"
"E:\project\pcsx2\pcsx2\GS\GSVector4i.h","1854"
"E:\project\pcsx2\pcsx2\GS\GSVector8.h","725"
"E:\project\pcsx2\pcsx2\GS\GSVector8i.h","1455"
"E:\project\pcsx2\pcsx2\GS\GSXXH.cpp","28"
"E:\project\pcsx2\pcsx2\GS\GSXXH.h","28"
"E:\project\pcsx2\pcsx2\GS\MultiISA.cpp","92"
"E:\project\pcsx2\pcsx2\GS\MultiISA.h","74"
"E:\project\pcsx2\pcsx2\GS\Renderers\Common\GSDevice.cpp","1740"
"E:\project\pcsx2\pcsx2\GS\Renderers\Common\GSDevice.h","1498"
"E:\project\pcsx2\pcsx2\GS\Renderers\Common\GSDirtyRect.cpp","73"
"E:\project\pcsx2\pcsx2\GS\Renderers\Common\GSDirtyRect.h","35"
"E:\project\pcsx2\pcsx2\GS\Renderers\Common\GSFastList.h","301"
"E:\project\pcsx2\pcsx2\GS\Renderers\Common\GSFunctionMap.cpp","30"
"E:\project\pcsx2\pcsx2\GS\Renderers\Common\GSFunctionMap.h","160"
"E:\project\pcsx2\pcsx2\GS\Renderers\Common\GSRenderer.cpp","1049"
"E:\project\pcsx2\pcsx2\GS\Renderers\Common\GSRenderer.h","46"
"E:\project\pcsx2\pcsx2\GS\Renderers\Common\GSShaderEnums.h","56"
"E:\project\pcsx2\pcsx2\GS\Renderers\Common\GSTexture.cpp","211"
"E:\project\pcsx2\pcsx2\GS\Renderers\Common\GSTexture.h","214"
"E:\project\pcsx2\pcsx2\GS\Renderers\Common\GSVertex.h","66"
"E:\project\pcsx2\pcsx2\GS\Renderers\Common\GSVertexTrace.cpp","141"
"E:\project\pcsx2\pcsx2\GS\Renderers\Common\GSVertexTrace.h","70"
"E:\project\pcsx2\pcsx2\GS\Renderers\Common\GSVertexTraceFMM.cpp","211"
"E:\project\pcsx2\pcsx2\GS\Renderers\DX11\D3D.cpp","488"
"E:\project\pcsx2\pcsx2\GS\Renderers\DX11\D3D.h","60"
"E:\project\pcsx2\pcsx2\GS\Renderers\DX11\D3D11ShaderCache.cpp","378"
"E:\project\pcsx2\pcsx2\GS\Renderers\DX11\D3D11ShaderCache.h","71"
"E:\project\pcsx2\pcsx2\GS\Renderers\DX11\GSDevice11.cpp","2692"
"E:\project\pcsx2\pcsx2\GS\Renderers\DX11\GSDevice11.h","343"
"E:\project\pcsx2\pcsx2\GS\Renderers\DX11\GSTexture11.cpp","257"
"E:\project\pcsx2\pcsx2\GS\Renderers\DX11\GSTexture11.h","54"
"E:\project\pcsx2\pcsx2\GS\Renderers\DX12\D3D12Builders.cpp","319"
"E:\project\pcsx2\pcsx2\GS\Renderers\DX12\D3D12Builders.h","101"
"E:\project\pcsx2\pcsx2\GS\Renderers\DX12\D3D12DescriptorHeapManager.cpp","132"
"E:\project\pcsx2\pcsx2\GS\Renderers\DX12\D3D12DescriptorHeapManager.h","203"
"E:\project\pcsx2\pcsx2\GS\Renderers\DX12\D3D12ShaderCache.cpp","518"
"E:\project\pcsx2\pcsx2\GS\Renderers\DX12\D3D12ShaderCache.h","106"
"E:\project\pcsx2\pcsx2\GS\Renderers\DX12\D3D12StreamBuffer.cpp","280"
"E:\project\pcsx2\pcsx2\GS\Renderers\DX12\D3D12StreamBuffer.h","60"
"E:\project\pcsx2\pcsx2\GS\Renderers\DX12\GSDevice12.cpp","4004"
"E:\project\pcsx2\pcsx2\GS\Renderers\DX12\GSDevice12.h","578"
"E:\project\pcsx2\pcsx2\GS\Renderers\DX12\GSTexture12.cpp","1185"
"E:\project\pcsx2\pcsx2\GS\Renderers\DX12\GSTexture12.h","126"
"E:\project\pcsx2\pcsx2\GS\Renderers\HW\GSHwHack.cpp","1348"
"E:\project\pcsx2\pcsx2\GS\Renderers\HW\GSHwHack.h","45"
"E:\project\pcsx2\pcsx2\GS\Renderers\HW\GSRendererHW.cpp","9535"
"E:\project\pcsx2\pcsx2\GS\Renderers\HW\GSRendererHW.h","342"
"E:\project\pcsx2\pcsx2\GS\Renderers\HW\GSRendererHWMultiISA.cpp","456"
"E:\project\pcsx2\pcsx2\GS\Renderers\HW\GSTextureCache.cpp","7914"
"E:\project\pcsx2\pcsx2\GS\Renderers\HW\GSTextureCache.h","488"
"E:\project\pcsx2\pcsx2\GS\Renderers\HW\GSTextureReplacementLoaders.cpp","541"
"E:\project\pcsx2\pcsx2\GS\Renderers\HW\GSTextureReplacements.cpp","837"
"E:\project\pcsx2\pcsx2\GS\Renderers\HW\GSTextureReplacements.h","48"
"E:\project\pcsx2\pcsx2\GS\Renderers\HW\GSVertexHW.h","19"
"E:\project\pcsx2\pcsx2\GS\Renderers\Metal\GSDeviceMTL.h","438"
"E:\project\pcsx2\pcsx2\GS\Renderers\Metal\GSMetalCPPAccessible.h","12"
"E:\project\pcsx2\pcsx2\GS\Renderers\Metal\GSMTLDeviceInfo.h","48"
"E:\project\pcsx2\pcsx2\GS\Renderers\Metal\GSMTLShaderCommon.h","46"
"E:\project\pcsx2\pcsx2\GS\Renderers\Metal\GSMTLSharedHeader.h","208"
"E:\project\pcsx2\pcsx2\GS\Renderers\Metal\GSTextureMTL.h","56"
"E:\project\pcsx2\pcsx2\GS\Renderers\Null\GSRendererNull.cpp","16"
"E:\project\pcsx2\pcsx2\GS\Renderers\Null\GSRendererNull.h","13"
"E:\project\pcsx2\pcsx2\GS\Renderers\OpenGL\GLContext.cpp","62"
"E:\project\pcsx2\pcsx2\GS\Renderers\OpenGL\GLContext.h","37"
"E:\project\pcsx2\pcsx2\GS\Renderers\OpenGL\GLContextEGL.cpp","459"
"E:\project\pcsx2\pcsx2\GS\Renderers\OpenGL\GLContextEGL.h","44"
"E:\project\pcsx2\pcsx2\GS\Renderers\OpenGL\GLContextEGLWayland.cpp","94"
"E:\project\pcsx2\pcsx2\GS\Renderers\OpenGL\GLContextEGLWayland.h","24"
"E:\project\pcsx2\pcsx2\GS\Renderers\OpenGL\GLContextEGLX11.cpp","42"
"E:\project\pcsx2\pcsx2\GS\Renderers\OpenGL\GLContextEGLX11.h","15"
"E:\project\pcsx2\pcsx2\GS\Renderers\OpenGL\GLContextWGL.cpp","384"
"E:\project\pcsx2\pcsx2\GS\Renderers\OpenGL\GLContextWGL.h","42"
"E:\project\pcsx2\pcsx2\GS\Renderers\OpenGL\GLProgram.cpp","445"
"E:\project\pcsx2\pcsx2\GS\Renderers\OpenGL\GLProgram.h","67"
"E:\project\pcsx2\pcsx2\GS\Renderers\OpenGL\GLShaderCache.cpp","449"
"E:\project\pcsx2\pcsx2\GS\Renderers\OpenGL\GLShaderCache.h","75"
"E:\project\pcsx2\pcsx2\GS\Renderers\OpenGL\GLState.cpp","71"
"E:\project\pcsx2\pcsx2\GS\Renderers\OpenGL\GLState.h","40"
"E:\project\pcsx2\pcsx2\GS\Renderers\OpenGL\GLStreamBuffer.cpp","269"
"E:\project\pcsx2\pcsx2\GS\Renderers\OpenGL\GLStreamBuffer.h","36"
"E:\project\pcsx2\pcsx2\GS\Renderers\OpenGL\GSDeviceOGL.cpp","2809"
"E:\project\pcsx2\pcsx2\GS\Renderers\OpenGL\GSDeviceOGL.h","341"
"E:\project\pcsx2\pcsx2\GS\Renderers\OpenGL\GSTextureOGL.cpp","414"
"E:\project\pcsx2\pcsx2\GS\Renderers\OpenGL\GSTextureOGL.h","68"
"E:\project\pcsx2\pcsx2\GS\Renderers\SW\GSDrawScanline.cpp","1662"
"E:\project\pcsx2\pcsx2\GS\Renderers\SW\GSDrawScanline.h","46"
"E:\project\pcsx2\pcsx2\GS\Renderers\SW\GSDrawScanlineCodeGenerator.all.cpp","2785"
"E:\project\pcsx2\pcsx2\GS\Renderers\SW\GSDrawScanlineCodeGenerator.all.h","156"
"E:\project\pcsx2\pcsx2\GS\Renderers\SW\GSDrawScanlineCodeGenerator.arm64.cpp","1932"
"E:\project\pcsx2\pcsx2\GS\Renderers\SW\GSDrawScanlineCodeGenerator.arm64.h","71"
"E:\project\pcsx2\pcsx2\GS\Renderers\SW\GSNewCodeGenerator.h","324"
"E:\project\pcsx2\pcsx2\GS\Renderers\SW\GSRasterizer.cpp","1274"
"E:\project\pcsx2\pcsx2\GS\Renderers\SW\GSRasterizer.h","163"
"E:\project\pcsx2\pcsx2\GS\Renderers\SW\GSRendererSW.cpp","1362"
"E:\project\pcsx2\pcsx2\GS\Renderers\SW\GSRendererSW.h","76"
"E:\project\pcsx2\pcsx2\GS\Renderers\SW\GSScanlineEnvironment.h","268"
"E:\project\pcsx2\pcsx2\GS\Renderers\SW\GSSetupPrimCodeGenerator.all.cpp","446"
"E:\project\pcsx2\pcsx2\GS\Renderers\SW\GSSetupPrimCodeGenerator.all.h","44"
"E:\project\pcsx2\pcsx2\GS\Renderers\SW\GSSetupPrimCodeGenerator.arm64.cpp","255"
"E:\project\pcsx2\pcsx2\GS\Renderers\SW\GSSetupPrimCodeGenerator.arm64.h","24"
"E:\project\pcsx2\pcsx2\GS\Renderers\SW\GSTextureCacheSW.cpp","268"
"E:\project\pcsx2\pcsx2\GS\Renderers\SW\GSTextureCacheSW.h","45"
"E:\project\pcsx2\pcsx2\GS\Renderers\SW\GSVertexSW.h","220"
"E:\project\pcsx2\pcsx2\GS\Renderers\Vulkan\GSDeviceVK.cpp","5614"
"E:\project\pcsx2\pcsx2\GS\Renderers\Vulkan\GSDeviceVK.h","623"
"E:\project\pcsx2\pcsx2\GS\Renderers\Vulkan\GSTextureVK.cpp","849"
"E:\project\pcsx2\pcsx2\GS\Renderers\Vulkan\GSTextureVK.h","106"
"E:\project\pcsx2\pcsx2\GS\Renderers\Vulkan\vk_mem_alloc.cpp","4"
"E:\project\pcsx2\pcsx2\GS\Renderers\Vulkan\VKBuilders.cpp","876"
"E:\project\pcsx2\pcsx2\GS\Renderers\Vulkan\VKBuilders.h","313"
"E:\project\pcsx2\pcsx2\GS\Renderers\Vulkan\VKEntryPoints.h","16"
"E:\project\pcsx2\pcsx2\GS\Renderers\Vulkan\VKLoader.cpp","113"
"E:\project\pcsx2\pcsx2\GS\Renderers\Vulkan\VKLoader.h","81"
"E:\project\pcsx2\pcsx2\GS\Renderers\Vulkan\VKShaderCache.cpp","596"
"E:\project\pcsx2\pcsx2\GS\Renderers\Vulkan\VKShaderCache.h","77"
"E:\project\pcsx2\pcsx2\GS\Renderers\Vulkan\VKStreamBuffer.cpp","271"
"E:\project\pcsx2\pcsx2\GS\Renderers\Vulkan\VKStreamBuffer.h","44"
"E:\project\pcsx2\pcsx2\GS\Renderers\Vulkan\VKSwapChain.cpp","575"
"E:\project\pcsx2\pcsx2\GS\Renderers\Vulkan\VKSwapChain.h","87"
"E:\project\pcsx2\pcsx2\GSDumpReplayer.cpp","340"
"E:\project\pcsx2\pcsx2\GSDumpReplayer.h","22"
"E:\project\pcsx2\pcsx2\Hardware.h","13"
"E:\project\pcsx2\pcsx2\Host.cpp","331"
"E:\project\pcsx2\pcsx2\Host.h","153"
"E:\project\pcsx2\pcsx2\Host\AudioStream.cpp","689"
"E:\project\pcsx2\pcsx2\Host\AudioStream.h","214"
"E:\project\pcsx2\pcsx2\Host\AudioStreamTypes.h","66"
"E:\project\pcsx2\pcsx2\Host\CubebAudioStream.cpp","327"
"E:\project\pcsx2\pcsx2\Host\SDLAudioStream.cpp","127"
"E:\project\pcsx2\pcsx2\Hotkeys.cpp","334"
"E:\project\pcsx2\pcsx2\Hw.cpp","306"
"E:\project\pcsx2\pcsx2\Hw.h","304"
"E:\project\pcsx2\pcsx2\HwRead.cpp","362"
"E:\project\pcsx2\pcsx2\HwWrite.cpp","441"
"E:\project\pcsx2\pcsx2\ImGui\FullscreenUI_Internal.h","485"
"E:\project\pcsx2\pcsx2\ImGui\FullscreenUI_Settings.cpp","5955"
"E:\project\pcsx2\pcsx2\ImGui\FullscreenUI.cpp","3574"
"E:\project\pcsx2\pcsx2\ImGui\FullscreenUI.h","56"
"E:\project\pcsx2\pcsx2\ImGui\ImGuiAnimated.h","89"
"E:\project\pcsx2\pcsx2\ImGui\ImGuiFullscreen.cpp","3034"
"E:\project\pcsx2\pcsx2\ImGui\ImGuiFullscreen.h","297"
"E:\project\pcsx2\pcsx2\ImGui\ImGuiManager.cpp","1270"
"E:\project\pcsx2\pcsx2\ImGui\ImGuiManager.h","99"
"E:\project\pcsx2\pcsx2\ImGui\ImGuiOverlays.cpp","1584"
"E:\project\pcsx2\pcsx2\ImGui\ImGuiOverlays.h","40"
"E:\project\pcsx2\pcsx2\INISettingsInterface.cpp","322"
"E:\project\pcsx2\pcsx2\INISettingsInterface.h","56"
"E:\project\pcsx2\pcsx2\Input\DInputSource.cpp","432"
"E:\project\pcsx2\pcsx2\Input\DInputSource.h","68"
"E:\project\pcsx2\pcsx2\Input\InputManager.cpp","1607"
"E:\project\pcsx2\pcsx2\Input\InputManager.h","260"
"E:\project\pcsx2\pcsx2\Input\InputSource.cpp","135"
"E:\project\pcsx2\pcsx2\Input\InputSource.h","56"
"E:\project\pcsx2\pcsx2\Input\SDLInputSource.cpp","1586"
"E:\project\pcsx2\pcsx2\Input\SDLInputSource.h","89"
"E:\project\pcsx2\pcsx2\Input\XInputSource.cpp","560"
"E:\project\pcsx2\pcsx2\Input\XInputSource.h","96"
"E:\project\pcsx2\pcsx2\Interpreter.cpp","586"
"E:\project\pcsx2\pcsx2\IopBios.cpp","1275"
"E:\project\pcsx2\pcsx2\IopBios.h","66"
"E:\project\pcsx2\pcsx2\IopCounters.cpp","649"
"E:\project\pcsx2\pcsx2\IopCounters.h","57"
"E:\project\pcsx2\pcsx2\IopDma.cpp","229"
"E:\project\pcsx2\pcsx2\IopDma.h","29"
"E:\project\pcsx2\pcsx2\IopGte.cpp","2550"
"E:\project\pcsx2\pcsx2\IopGte.h","31"
"E:\project\pcsx2\pcsx2\IopHw.cpp","96"
"E:\project\pcsx2\pcsx2\IopHw.h","279"
"E:\project\pcsx2\pcsx2\IopIrq.cpp","42"
"E:\project\pcsx2\pcsx2\IopMem.cpp","540"
"E:\project\pcsx2\pcsx2\IopMem.h","117"
"E:\project\pcsx2\pcsx2\IopModuleNames.cpp","979"
"E:\project\pcsx2\pcsx2\IPU\IPU_Fifo.cpp","139"
"E:\project\pcsx2\pcsx2\IPU\IPU_Fifo.h","35"
"E:\project\pcsx2\pcsx2\IPU\IPU_MultiISA.cpp","1707"
"E:\project\pcsx2\pcsx2\IPU\IPU_MultiISA.h","130"
"E:\project\pcsx2\pcsx2\IPU\IPU.cpp","431"
"E:\project\pcsx2\pcsx2\IPU\IPU.h","248"
"E:\project\pcsx2\pcsx2\IPU\IPUdither.cpp","106"
"E:\project\pcsx2\pcsx2\IPU\IPUdma.cpp","246"
"E:\project\pcsx2\pcsx2\IPU\IPUdma.h","23"
"E:\project\pcsx2\pcsx2\IPU\mpeg2_vlc.h","415"
"E:\project\pcsx2\pcsx2\IPU\yuv2rgb.cpp","210"
"E:\project\pcsx2\pcsx2\IPU\yuv2rgb.h","12"
"E:\project\pcsx2\pcsx2\LayeredSettingsInterface.cpp","211"
"E:\project\pcsx2\pcsx2\LayeredSettingsInterface.h","60"
"E:\project\pcsx2\pcsx2\Mdec.cpp","430"
"E:\project\pcsx2\pcsx2\Mdec.h","65"
"E:\project\pcsx2\pcsx2\Memory.cpp","1072"
"E:\project\pcsx2\pcsx2\Memory.h","168"
"E:\project\pcsx2\pcsx2\MemoryTypes.h","56"
"E:\project\pcsx2\pcsx2\MMI.cpp","1283"
"E:\project\pcsx2\pcsx2\MTGS.cpp","890"
"E:\project\pcsx2\pcsx2\MTGS.h","74"
"E:\project\pcsx2\pcsx2\MTVU.cpp","485"
"E:\project\pcsx2\pcsx2\MTVU.h","87"
"E:\project\pcsx2\pcsx2\Patch.cpp","1655"
"E:\project\pcsx2\pcsx2\Patch.h","169"
"E:\project\pcsx2\pcsx2\Pcsx2Config.cpp","2070"
"E:\project\pcsx2\pcsx2\PerformanceMetrics.cpp","307"
"E:\project\pcsx2\pcsx2\PerformanceMetrics.h","49"
"E:\project\pcsx2\pcsx2\PINE.cpp","686"
"E:\project\pcsx2\pcsx2\PINE.h","17"
"E:\project\pcsx2\pcsx2\PrecompiledHeader.cpp","3"
"E:\project\pcsx2\pcsx2\PrecompiledHeader.h","40"
"E:\project\pcsx2\pcsx2\ps2\BiosTools.cpp","328"
"E:\project\pcsx2\pcsx2\ps2\BiosTools.h","240"
"E:\project\pcsx2\pcsx2\ps2\HwInternal.h","37"
"E:\project\pcsx2\pcsx2\ps2\Iop\IopHw_Internal.h","196"
"E:\project\pcsx2\pcsx2\ps2\Iop\IopHwRead.cpp","435"
"E:\project\pcsx2\pcsx2\ps2\Iop\IopHwWrite.cpp","584"
"E:\project\pcsx2\pcsx2\ps2\Iop\PsxBios.cpp","90"
"E:\project\pcsx2\pcsx2\ps2\pgif.cpp","658"
"E:\project\pcsx2\pcsx2\ps2\pgif.h","229"
"E:\project\pcsx2\pcsx2\R3000A.cpp","247"
"E:\project\pcsx2\pcsx2\R3000A.h","169"
"E:\project\pcsx2\pcsx2\R3000AInterpreter.cpp","267"
"E:\project\pcsx2\pcsx2\R3000AOpcodeTables.cpp","316"
"E:\project\pcsx2\pcsx2\R5900.cpp","689"
"E:\project\pcsx2\pcsx2\R5900.h","377"
"E:\project\pcsx2\pcsx2\R5900OpcodeImpl.cpp","1059"
"E:\project\pcsx2\pcsx2\R5900OpcodeTables.cpp","640"
"E:\project\pcsx2\pcsx2\R5900OpcodeTables.h","885"
"E:\project\pcsx2\pcsx2\RDebug\deci2_dbgp.cpp","393"
"E:\project\pcsx2\pcsx2\RDebug\deci2_dbgp.h","7"
"E:\project\pcsx2\pcsx2\RDebug\deci2_dcmp.cpp","60"
"E:\project\pcsx2\pcsx2\RDebug\deci2_dcmp.h","7"
"E:\project\pcsx2\pcsx2\RDebug\deci2_drfp.cpp","28"
"E:\project\pcsx2\pcsx2\RDebug\deci2_drfp.h","6"
"E:\project\pcsx2\pcsx2\RDebug\deci2_iloadp.cpp","81"
"E:\project\pcsx2\pcsx2\RDebug\deci2_iloadp.h","6"
"E:\project\pcsx2\pcsx2\RDebug\deci2_netmp.cpp","106"
"E:\project\pcsx2\pcsx2\RDebug\deci2_netmp.h","6"
"E:\project\pcsx2\pcsx2\RDebug\deci2_ttyp.cpp","23"
"E:\project\pcsx2\pcsx2\RDebug\deci2_ttyp.h","7"
"E:\project\pcsx2\pcsx2\RDebug\deci2.cpp","9"
"E:\project\pcsx2\pcsx2\RDebug\deci2.h","39"
"E:\project\pcsx2\pcsx2\Recording\InputRecording.cpp","370"
"E:\project\pcsx2\pcsx2\Recording\InputRecording.h","53"
"E:\project\pcsx2\pcsx2\Recording\InputRecordingControls.cpp","86"
"E:\project\pcsx2\pcsx2\Recording\InputRecordingControls.h","24"
"E:\project\pcsx2\pcsx2\Recording\InputRecordingFile.cpp","239"
"E:\project\pcsx2\pcsx2\Recording\InputRecordingFile.h","83"
"E:\project\pcsx2\pcsx2\Recording\PadData.cpp","145"
"E:\project\pcsx2\pcsx2\Recording\PadData.h","45"
"E:\project\pcsx2\pcsx2\Recording\Utilities\InputRecordingLogger.cpp","40"
"E:\project\pcsx2\pcsx2\Recording\Utilities\InputRecordingLogger.h","12"
"E:\project\pcsx2\pcsx2\SaveState.cpp","1050"
"E:\project\pcsx2\pcsx2\SaveState.h","291"
"E:\project\pcsx2\pcsx2\ShaderCacheVersion.h","5"
"E:\project\pcsx2\pcsx2\ShiftJisToUnicode.cpp","812"
"E:\project\pcsx2\pcsx2\Sif.cpp","19"
"E:\project\pcsx2\pcsx2\Sif.h","173"
"E:\project\pcsx2\pcsx2\Sif0.cpp","308"
"E:\project\pcsx2\pcsx2\Sif1.cpp","293"
"E:\project\pcsx2\pcsx2\sif2.cpp","320"
"E:\project\pcsx2\pcsx2\Sifcmd.h","10"
"E:\project\pcsx2\pcsx2\SIO\Memcard\MemoryCardFile.cpp","958"
"E:\project\pcsx2\pcsx2\SIO\Memcard\MemoryCardFile.h","54"
"E:\project\pcsx2\pcsx2\SIO\Memcard\MemoryCardFolder.cpp","2053"
"E:\project\pcsx2\pcsx2\SIO\Memcard\MemoryCardFolder.h","453"
"E:\project\pcsx2\pcsx2\SIO\Memcard\MemoryCardProtocol.cpp","463"
"E:\project\pcsx2\pcsx2\SIO\Memcard\MemoryCardProtocol.h","45"
"E:\project\pcsx2\pcsx2\SIO\Multitap\MultitapProtocol.cpp","123"
"E:\project\pcsx2\pcsx2\SIO\Multitap\MultitapProtocol.h","32"
"E:\project\pcsx2\pcsx2\SIO\Pad\Pad.cpp","654"
"E:\project\pcsx2\pcsx2\SIO\Pad\Pad.h","52"
"E:\project\pcsx2\pcsx2\SIO\Pad\PadBase.cpp","30"
"E:\project\pcsx2\pcsx2\SIO\Pad\PadBase.h","53"
"E:\project\pcsx2\pcsx2\SIO\Pad\PadDualshock2.cpp","855"
"E:\project\pcsx2\pcsx2\SIO\Pad\PadDualshock2.h","146"
"E:\project\pcsx2\pcsx2\SIO\Pad\PadGuitar.cpp","433"
"E:\project\pcsx2\pcsx2\SIO\Pad\PadGuitar.h","81"
"E:\project\pcsx2\pcsx2\SIO\Pad\PadJogcon.cpp","475"
"E:\project\pcsx2\pcsx2\SIO\Pad\PadJogcon.h","106"
"E:\project\pcsx2\pcsx2\SIO\Pad\PadNegcon.cpp","482"
"E:\project\pcsx2\pcsx2\SIO\Pad\PadNegcon.h","116"
"E:\project\pcsx2\pcsx2\SIO\Pad\PadNotConnected.cpp","90"
"E:\project\pcsx2\pcsx2\SIO\Pad\PadNotConnected.h","33"
"E:\project\pcsx2\pcsx2\SIO\Pad\PadPopn.cpp","506"
"E:\project\pcsx2\pcsx2\SIO\Pad\PadPopn.h","106"
"E:\project\pcsx2\pcsx2\SIO\Pad\PadTypes.h","94"
"E:\project\pcsx2\pcsx2\SIO\Sio.cpp","140"
"E:\project\pcsx2\pcsx2\SIO\Sio.h","106"
"E:\project\pcsx2\pcsx2\SIO\Sio0.cpp","282"
"E:\project\pcsx2\pcsx2\SIO\Sio0.h","50"
"E:\project\pcsx2\pcsx2\SIO\Sio2.cpp","475"
"E:\project\pcsx2\pcsx2\SIO\Sio2.h","55"
"E:\project\pcsx2\pcsx2\SIO\SioTypes.h","146"
"E:\project\pcsx2\pcsx2\SourceLog.cpp","169"
"E:\project\pcsx2\pcsx2\SPR.cpp","443"
"E:\project\pcsx2\pcsx2\SPR.h","7"
"E:\project\pcsx2\pcsx2\SPU2\ADSR.cpp","149"
"E:\project\pcsx2\pcsx2\SPU2\Debug.cpp","510"
"E:\project\pcsx2\pcsx2\SPU2\Debug.h","81"
"E:\project\pcsx2\pcsx2\SPU2\defs.h","506"
"E:\project\pcsx2\pcsx2\SPU2\Dma.cpp","427"
"E:\project\pcsx2\pcsx2\SPU2\Dma.h","13"
"E:\project\pcsx2\pcsx2\SPU2\interpolate_table.h","302"
"E:\project\pcsx2\pcsx2\SPU2\Mixer.cpp","490"
"E:\project\pcsx2\pcsx2\SPU2\ReadInput.cpp","139"
"E:\project\pcsx2\pcsx2\SPU2\regs.h","131"
"E:\project\pcsx2\pcsx2\SPU2\RegTable.cpp","265"
"E:\project\pcsx2\pcsx2\SPU2\Reverb.cpp","121"
"E:\project\pcsx2\pcsx2\SPU2\ReverbResample.cpp","208"
"E:\project\pcsx2\pcsx2\SPU2\spdif.h","73"
"E:\project\pcsx2\pcsx2\SPU2\spu2.cpp","437"
"E:\project\pcsx2\pcsx2\SPU2\spu2.h","59"
"E:\project\pcsx2\pcsx2\SPU2\spu2freeze.cpp","136"
"E:\project\pcsx2\pcsx2\SPU2\spu2sys.cpp","1389"
"E:\project\pcsx2\pcsx2\SPU2\Wavedump_wav.cpp","67"
"E:\project\pcsx2\pcsx2\StateWrapper.cpp","227"
"E:\project\pcsx2\pcsx2\StateWrapper.h","234"
"E:\project\pcsx2\pcsx2\SupportURLs.h","11"
"E:\project\pcsx2\pcsx2\USB\deviceproxy.cpp","81"
"E:\project\pcsx2\pcsx2\USB\deviceproxy.h","111"
"E:\project\pcsx2\pcsx2\USB\qemu-usb\bus.cpp","107"
"E:\project\pcsx2\pcsx2\USB\qemu-usb\core.cpp","793"
"E:\project\pcsx2\pcsx2\USB\qemu-usb\desc.cpp","795"
"E:\project\pcsx2\pcsx2\USB\qemu-usb\desc.h","246"
"E:\project\pcsx2\pcsx2\USB\qemu-usb\hid.cpp","757"
"E:\project\pcsx2\pcsx2\USB\qemu-usb\hid.h","301"
"E:\project\pcsx2\pcsx2\USB\qemu-usb\input-keymap-qcode-to-qnum.cpp","201"
"E:\project\pcsx2\pcsx2\USB\qemu-usb\input-keymap.h","6"
"E:\project\pcsx2\pcsx2\USB\qemu-usb\queue.h","515"
"E:\project\pcsx2\pcsx2\USB\qemu-usb\qusb.h","489"
"E:\project\pcsx2\pcsx2\USB\qemu-usb\usb-ohci.cpp","1449"
"E:\project\pcsx2\pcsx2\USB\qemu-usb\USBinternal.h","239"
"E:\project\pcsx2\pcsx2\USB\shared\ringbuffer.cpp","73"
"E:\project\pcsx2\pcsx2\USB\shared\ringbuffer.h","26"
"E:\project\pcsx2\pcsx2\USB\usb-eyetoy\cam-jpeg.cpp","135"
"E:\project\pcsx2\pcsx2\USB\usb-eyetoy\cam-jpeg.h","6"
"E:\project\pcsx2\pcsx2\USB\usb-eyetoy\cam-linux.cpp","586"
"E:\project\pcsx2\pcsx2\USB\usb-eyetoy\cam-linux.h","26"
"E:\project\pcsx2\pcsx2\USB\usb-eyetoy\cam-macos.h","41"
"E:\project\pcsx2\pcsx2\USB\usb-eyetoy\cam-noop.cpp","44"
"E:\project\pcsx2\pcsx2\USB\usb-eyetoy\cam-windows.cpp","523"
"E:\project\pcsx2\pcsx2\USB\usb-eyetoy\cam-windows.h","93"
"E:\project\pcsx2\pcsx2\USB\usb-eyetoy\jo_mpeg.cpp","288"
"E:\project\pcsx2\pcsx2\USB\usb-eyetoy\jo_mpeg.h","20"
"E:\project\pcsx2\pcsx2\USB\usb-eyetoy\ov519.h","44"
"E:\project\pcsx2\pcsx2\USB\usb-eyetoy\usb-eyetoy-webcam.cpp","500"
"E:\project\pcsx2\pcsx2\USB\usb-eyetoy\usb-eyetoy-webcam.h","422"
"E:\project\pcsx2\pcsx2\USB\usb-eyetoy\videodev.h","38"
"E:\project\pcsx2\pcsx2\USB\usb-hid\usb-hid.cpp","873"
"E:\project\pcsx2\pcsx2\USB\usb-hid\usb-hid.h","33"
"E:\project\pcsx2\pcsx2\USB\usb-lightgun\guncon2.cpp","590"
"E:\project\pcsx2\pcsx2\USB\usb-lightgun\guncon2.h","21"
"E:\project\pcsx2\pcsx2\USB\usb-mic\audio.h","306"
"E:\project\pcsx2\pcsx2\USB\usb-mic\audiodev-cubeb.cpp","239"
"E:\project\pcsx2\pcsx2\USB\usb-mic\audiodev-cubeb.h","42"
"E:\project\pcsx2\pcsx2\USB\usb-mic\audiodev-noop.h","33"
"E:\project\pcsx2\pcsx2\USB\usb-mic\audiodev.h","57"
"E:\project\pcsx2\pcsx2\USB\usb-mic\usb-headset.cpp","903"
"E:\project\pcsx2\pcsx2\USB\usb-mic\usb-headset.h","17"
"E:\project\pcsx2\pcsx2\USB\usb-mic\usb-mic.cpp","1159"
"E:\project\pcsx2\pcsx2\USB\usb-mic\usb-mic.h","28"
"E:\project\pcsx2\pcsx2\USB\usb-msd\usb-msd.cpp","1188"
"E:\project\pcsx2\pcsx2\USB\usb-msd\usb-msd.h","26"
"E:\project\pcsx2\pcsx2\USB\usb-pad\lg\lg_ff.cpp","71"
"E:\project\pcsx2\pcsx2\USB\usb-pad\lg\lg_ff.h","41"
"E:\project\pcsx2\pcsx2\USB\usb-pad\usb-buzz.cpp","308"
"E:\project\pcsx2\pcsx2\USB\usb-pad\usb-buzz.h","85"
"E:\project\pcsx2\pcsx2\USB\usb-pad\usb-gametrak.cpp","375"
"E:\project\pcsx2\pcsx2\USB\usb-pad\usb-gametrak.h","75"
"E:\project\pcsx2\pcsx2\USB\usb-pad\usb-pad-ff.cpp","275"
"E:\project\pcsx2\pcsx2\USB\usb-pad\usb-pad-sdl-ff.cpp","321"
"E:\project\pcsx2\pcsx2\USB\usb-pad\usb-pad-sdl-ff.h","38"
"E:\project\pcsx2\pcsx2\USB\usb-pad\usb-pad.cpp","892"
"E:\project\pcsx2\pcsx2\USB\usb-pad\usb-pad.h","1154"
"E:\project\pcsx2\pcsx2\USB\usb-pad\usb-realplay.cpp","429"
"E:\project\pcsx2\pcsx2\USB\usb-pad\usb-realplay.h","81"
"E:\project\pcsx2\pcsx2\USB\usb-pad\usb-seamic.cpp","408"
"E:\project\pcsx2\pcsx2\USB\usb-pad\usb-train.cpp","694"
"E:\project\pcsx2\pcsx2\USB\usb-pad\usb-train.h","292"
"E:\project\pcsx2\pcsx2\USB\usb-pad\usb-trance-vibrator.cpp","168"
"E:\project\pcsx2\pcsx2\USB\usb-pad\usb-trance-vibrator.h","32"
"E:\project\pcsx2\pcsx2\USB\usb-pad\usb-turntable.cpp","412"
"E:\project\pcsx2\pcsx2\USB\usb-pad\usb-turntable.h","87"
"E:\project\pcsx2\pcsx2\USB\usb-printer\usb-printer.cpp","329"
"E:\project\pcsx2\pcsx2\USB\usb-printer\usb-printer.h","121"
"E:\project\pcsx2\pcsx2\USB\USB.cpp","692"
"E:\project\pcsx2\pcsx2\USB\USB.h","80"
"E:\project\pcsx2\pcsx2\Vif_Codes.cpp","719"
"E:\project\pcsx2\pcsx2\Vif_Dma.h","129"
"E:\project\pcsx2\pcsx2\Vif_Dynarec.h","32"
"E:\project\pcsx2\pcsx2\Vif_HashBucket.h","109"
"E:\project\pcsx2\pcsx2\Vif_Transfer.cpp","91"
"E:\project\pcsx2\pcsx2\Vif_Unpack.cpp","446"
"E:\project\pcsx2\pcsx2\Vif_Unpack.h","20"
"E:\project\pcsx2\pcsx2\Vif.cpp","361"
"E:\project\pcsx2\pcsx2\Vif.h","218"
"E:\project\pcsx2\pcsx2\Vif0_Dma.cpp","268"
"E:\project\pcsx2\pcsx2\Vif1_Dma.cpp","456"
"E:\project\pcsx2\pcsx2\Vif1_MFIFO.cpp","339"
"E:\project\pcsx2\pcsx2\VMManager.cpp","3267"
"E:\project\pcsx2\pcsx2\VMManager.h","273"
"E:\project\pcsx2\pcsx2\vtlb.cpp","1291"
"E:\project\pcsx2\pcsx2\vtlb.h","203"
"E:\project\pcsx2\pcsx2\VU.h","195"
"E:\project\pcsx2\pcsx2\VU0.cpp","166"
"E:\project\pcsx2\pcsx2\VU0micro.cpp","57"
"E:\project\pcsx2\pcsx2\VU0microInterp.cpp","265"
"E:\project\pcsx2\pcsx2\VU1micro.cpp","76"
"E:\project\pcsx2\pcsx2\VU1microInterp.cpp","239"
"E:\project\pcsx2\pcsx2\VUflags.cpp","80"
"E:\project\pcsx2\pcsx2\VUflags.h","13"
"E:\project\pcsx2\pcsx2\VUmicro.cpp","68"
"E:\project\pcsx2\pcsx2\VUmicro.h","157"
"E:\project\pcsx2\pcsx2\VUmicroMem.cpp","132"
"E:\project\pcsx2\pcsx2\VUops.cpp","3576"
"E:\project\pcsx2\pcsx2\VUops.h","34"
"E:\project\pcsx2\pcsx2\windows\Optimus.cpp","15"
"E:\project\pcsx2\pcsx2\x86\BaseblockEx.cpp","53"
"E:\project\pcsx2\pcsx2\x86\BaseblockEx.h","202"
"E:\project\pcsx2\pcsx2\x86\iCOP0.cpp","311"
"E:\project\pcsx2\pcsx2\x86\iCOP0.h","29"
"E:\project\pcsx2\pcsx2\x86\iCore.cpp","819"
"E:\project\pcsx2\pcsx2\x86\iCore.h","276"
"E:\project\pcsx2\pcsx2\x86\iFPU.cpp","1666"
"E:\project\pcsx2\pcsx2\x86\iFPU.h","48"
"E:\project\pcsx2\pcsx2\x86\iFPUd.cpp","797"
"E:\project\pcsx2\pcsx2\x86\iMMI.cpp","1999"
"E:\project\pcsx2\pcsx2\x86\iMMI.h","117"
"E:\project\pcsx2\pcsx2\x86\iR3000A.cpp","1489"
"E:\project\pcsx2\pcsx2\x86\iR3000A.h","98"
"E:\project\pcsx2\pcsx2\x86\iR3000Atables.cpp","1999"
"E:\project\pcsx2\pcsx2\x86\iR5900.h","151"
"E:\project\pcsx2\pcsx2\x86\iR5900Analysis.cpp","1421"
"E:\project\pcsx2\pcsx2\x86\iR5900Analysis.h","49"
"E:\project\pcsx2\pcsx2\x86\iR5900Arit.h","27"
"E:\project\pcsx2\pcsx2\x86\iR5900AritImm.h","22"
"E:\project\pcsx2\pcsx2\x86\iR5900Branch.h","29"
"E:\project\pcsx2\pcsx2\x86\iR5900Jump.h","17"
"E:\project\pcsx2\pcsx2\x86\iR5900LoadStore.h","38"
"E:\project\pcsx2\pcsx2\x86\iR5900Misc.cpp","231"
"E:\project\pcsx2\pcsx2\x86\iR5900Move.h","16"
"E:\project\pcsx2\pcsx2\x86\iR5900MultDiv.h","17"
"E:\project\pcsx2\pcsx2\x86\iR5900Shift.h","28"
"E:\project\pcsx2\pcsx2\x86\ix86-32\iCore.cpp","497"
"E:\project\pcsx2\pcsx2\x86\ix86-32\iR5900.cpp","2339"
"E:\project\pcsx2\pcsx2\x86\ix86-32\iR5900Arit.cpp","590"
"E:\project\pcsx2\pcsx2\x86\ix86-32\iR5900AritImm.cpp","183"
"E:\project\pcsx2\pcsx2\x86\ix86-32\iR5900Branch.cpp","670"
"E:\project\pcsx2\pcsx2\x86\ix86-32\iR5900Jump.cpp","162"
"E:\project\pcsx2\pcsx2\x86\ix86-32\iR5900LoadStore.cpp","856"
"E:\project\pcsx2\pcsx2\x86\ix86-32\iR5900Move.cpp","311"
"E:\project\pcsx2\pcsx2\x86\ix86-32\iR5900MultDiv.cpp","596"
"E:\project\pcsx2\pcsx2\x86\ix86-32\iR5900Shift.cpp","335"
"E:\project\pcsx2\pcsx2\x86\ix86-32\iR5900Templates.cpp","433"
"E:\project\pcsx2\pcsx2\x86\ix86-32\recVTLB.cpp","926"
"E:\project\pcsx2\pcsx2\x86\microVU_IR.h","995"
"E:\project\pcsx2\pcsx2\x86\microVU_Misc.h","287"
"E:\project\pcsx2\pcsx2\x86\microVU_Profiler.h","138"
"E:\project\pcsx2\pcsx2\x86\microVU.cpp","425"
"E:\project\pcsx2\pcsx2\x86\microVU.h","294"
"E:\project\pcsx2\pcsx2\x86\newVif.h","13"
"E:\project\pcsx2\pcsx2\x86\R5900_Profiler.h","360"
"E:\project\pcsx2\pcsx2\x86\Vif_Dynarec.cpp","434"
"E:\project\pcsx2\pcsx2\x86\Vif_UnpackSSE.cpp","324"
"E:\project\pcsx2\pcsx2\x86\Vif_UnpackSSE.h","115"
"E:\project\pcsx2\tests\ctest\common\byteswap_tests.cpp","12"
"E:\project\pcsx2\tests\ctest\common\filesystem_tests.cpp","46"
"E:\project\pcsx2\tests\ctest\common\path_tests.cpp","318"
"E:\project\pcsx2\tests\ctest\common\small_string_tests.cpp","10"
"E:\project\pcsx2\tests\ctest\common\string_util_tests.cpp","103"
"E:\project\pcsx2\tests\ctest\common\x86emitter\codegen_tests_main.cpp","736"
"E:\project\pcsx2\tests\ctest\common\x86emitter\codegen_tests.cpp","27"
"E:\project\pcsx2\tests\ctest\common\x86emitter\codegen_tests.h","5"
"E:\project\pcsx2\tests\ctest\core\GS\swizzle_test_main.cpp","505"
"E:\project\pcsx2\tests\ctest\core\MockMemoryInterface.h","53"
"E:\project\pcsx2\tests\ctest\core\patch_tests.cpp","561"
"E:\project\pcsx2\tests\ctest\core\StubHost.cpp","229"
"E:\project\pcsx2\updater\SZErrors.h","28"
"E:\project\pcsx2\updater\Updater.cpp","367"
"E:\project\pcsx2\updater\Updater.h","48"
"E:\project\pcsx2\updater\UpdaterExtractor.h","127"
"E:\project\pcsx2\updater\Windows\resource.h","15"
"E:\project\pcsx2\updater\Windows\WindowsUpdater.cpp","434"
